a,h,T
0.207171285188879,0.84396589940839,2
0.158378261542892,0.543744517638741,2
0.289381200568057,0.734872948769243,2
0.232858509442375,0.608780761672856,2
0.163353939944934,0.527281263430777,2
0.240922462707567,0.787520124612558,2
0.184658292078421,0.731984040937541,2
0.150544027370011,0.60659880267075,2
0.121787178461757,0.351332955679267,2
0.124709583471118,0.513599966295241,2
0.145662582839934,0.631496765418573,2
0.239378609851934,0.990696320366155,2
0.229287380565612,0.912452073550009,2
0.202275327633533,0.864015492994884,2
0.192929509217099,1.05504810111933,2
0.18449784659474,0.44791144672826,2
0.187909960392471,0.870342564081314,2
0.182405352954466,0.512340257495932,2
0.20592099735434,0.725398254123819,2
0.255148509255408,1.08868800381415,2
0.129652396856499,0.325809894290254,2
0.120237865387579,0.659242940338306,2
0.181220553368378,0.883634960302766,2
0.202695057718511,0.894489004822652,2
0.231849042409949,0.625527567088629,2
0.194392851427697,0.52609308796665,2
0.316857721907059,0.90253389848146,2
0.159246213363289,0.673824302395089,2
0.138140501730525,0.642417703906225,2
0.135024037102346,0.613750115072643,2
0.193006763190612,0.759680988630831,2
0.131765471177821,0.539116657976456,2
0.15865039302604,0.570144853663385,2
0.132057394518617,0.346921485454042,2
0.162291546632992,0.804346502139101,2
0.195727709365546,0.59022604015866,2
0.183525761504184,0.794398735933043,2
0.106083160394338,0.402459887875195,2
0.171838078086177,0.699886567441276,2
0.232521185113981,0.80289923503912,2
0.233210733985778,0.890209816686739,2
0.193097688466574,0.775950508289206,2
0.265461366466866,1.18180033720789,2
0.229578234630497,1.21127686482126,2
0.162669165099359,0.558413014370506,2
0.175139221432364,0.698503947799226,2
0.299400676231494,1.27761518590361,2
0.187046314944232,0.835388001002232,2
0.226526226155451,1.02780598080655,2
0.13876178604909,0.843115627915546,2
0.330282651789232,1.04759902852774,2
0.162205323161906,0.513508005355666,2
0.251773005059157,0.84814817917356,2
0.156042954655619,0.70887028994951,2
0.170008806851166,0.429297801449,2
0.225286450441244,0.600462012392548,2
0.31927022156114,1.635801844708,2
0.239565700500698,0.931818688250319,2
0.269587526623825,0.688334431004447,2
0.12040990681026,0.305029966684078,2
0.22255471198967,0.91352361059351,2
0.315348461184567,0.972531932115306,2
0.15209898819661,0.739022012954787,2
0.182779525244802,0.660219421877656,2
0.150918302484212,0.585096378712945,2
0.180846453567765,0.635058982147027,2
0.154866508697556,0.645877731418824,2
0.243359809174069,0.945829635435858,2
0.317114390842107,0.902559669488013,2
0.138312555802632,0.817814997463167,2
0.199934781882466,0.671151871234718,2
0.240868280791182,0.749561939203299,2
0.165397205409571,0.53885980153309,2
0.337818054346194,0.857400068841841,2
0.206509325734045,0.622206950420716,2
0.137861670707743,0.478552221356593,2
0.164209129391738,0.805481774072471,2
0.343562046717552,1.26574644796297,2
0.306168981073907,1.14760183404843,2
0.175129413516681,0.665543327197087,2
0.239796969124772,0.738308443826621,2
0.160836993007089,0.43448252890193,2
0.183088823650366,0.642557427470535,2
0.182655622859739,1.02565007744902,2
0.234186000364597,0.773578412991944,2
0.180884348208352,0.463370396158635,2
0.204629568615063,0.724874586678798,2
0.282668664177062,0.742456220363881,2
0.187884595324117,0.803096149962997,2
0.227200005546337,0.870466416109617,2
0.239772043430242,0.716712547759572,2
0.225238807577586,0.72786064788173,2
0.157598213197843,0.546835167284064,2
0.175236251060737,0.620430321220486,2
0.12338828896997,0.766891262340781,2
0.162197281233816,0.42504413156782,2
0.200185391094619,0.84489126272981,2
0.132499581901278,0.5838510649369,2
0.296272728340331,0.988993027782606,2
0.267693167807962,0.692846963554035,2
0.276727522779187,0.915435581340803,2
0.191196309566782,0.974117267310905,2
0.117900753625323,0.924039437789197,2
0.23312436487938,0.965816588729128,2
0.227092787380351,0.728819406604754,2
0.176480754963746,0.879527886352376,2
0.222260036132138,0.731227711926666,2
0.170798269731005,0.680104799998072,2
0.170580781965526,0.627735653619727,2
0.166902572596897,0.619320624244291,2
0.190414363783182,0.893641484965051,2
0.164803494038418,0.717635304765311,2
0.206790775218826,0.655029540608297,2
0.258240576006344,0.984632142652667,2
0.138901323842731,0.581522142788367,2
0.203500686911881,0.758128297276008,2
0.195584559805875,1.04596327734585,2
0.302535181981206,0.914566593946723,2
0.126269478074058,0.550834240126747,2
0.222986989226123,0.877113160347028,2
0.170963823089097,0.634887345074317,2
0.235403809634909,0.875399664028614,2
0.223754997127653,0.519796614648749,2
0.174296270445576,0.711081682024661,2
0.170895280548404,0.7179076234345,2
0.283697172057173,1.01665882457228,2
0.177468808024226,0.758604066534158,2
0.192134717352703,0.719360202540389,2
0.145690882467263,0.568796463342212,2
0.183733749668755,0.579591084241638,2
0.14912952019104,0.542853973612457,2
0.157006847213668,0.466999079027569,2
0.280465487500558,0.757582021002404,2
0.215036275324633,0.612773227340299,2
0.206919884342135,0.59533226837882,2
0.171089995972698,0.70614507296573,2
0.371188743549119,0.929575861037748,2
0.169322694958518,0.567448511911967,2
0.102659383598697,0.554889795504477,2
0.124088252257522,0.670744700944441,2
0.290909960072165,1.24642607736076,2
0.308400329236764,1.03741100349374,2
0.134114929124449,0.762398001201294,2
0.179782746734752,0.858811552642831,2
0.0951394424120922,0.465217131796079,2
0.21256782248029,0.837519020058839,2
0.176822555201545,0.782509866026983,2
0.150662075975965,1.01509313022144,2
0.256715161515822,1.16225281317374,2
0.24323940381029,0.981405282580559,2
0.278205400037666,0.878861272597415,2
0.195807144840053,0.675135576111887,2
0.211356406412845,0.839345596147577,2
0.234284954070887,0.773199001315366,2
0.18244324159577,0.606941747982523,2
0.298260225550767,0.731975930729457,2
0.172537096033863,0.64729030162846,2
0.31540409311266,0.892626341468593,2
0.336918776803258,1.13211394916871,2
0.295690496425417,1.42272915651406,2
0.200234415658741,0.84165720084213,2
0.184077117302573,0.538379114427775,2
0.133059651605406,0.750806287836679,2
0.267658806264606,0.594618900716437,2
0.192806277250776,0.597056110027192,2
0.289932612379553,0.839774637385447,2
0.149982828185356,0.610064181553196,2
0.234153881228225,1.10724785195757,2
0.153649264505723,0.642052432230131,2
0.305281675874452,1.03087468326729,2
0.171760205771538,0.546586795249043,2
0.222753343803436,0.506122054665264,2
0.184584952709615,0.50979065129373,2
0.306644143352742,0.84482881323662,2
0.265485394111818,1.00590730810174,2
0.200827564245009,0.678753986652488,2
0.349055794272319,0.973813901062655,2
0.266994604413028,0.695926362384042,2
0.279472214857332,1.28126593808907,2
0.237539653159313,1.140634079619,2
0.18606531992691,0.441363225078009,2
0.310021168236941,0.885870041636518,2
0.180842225245423,1.11154138496303,2
0.287060811188631,0.843155306579423,2
0.124754131891053,0.691221011690581,2
0.200930246789342,0.893578520615399,2
0.209288873415792,0.841861752067942,2
0.212844149087313,0.847777210438904,2
0.160609523502389,0.866945871996105,2
0.240572007820441,0.844457208795698,2
0.36797068861683,0.872627258785395,2
0.205883612364023,0.67591041244582,2
0.22758384762167,0.743194159502671,2
0.274244424102636,0.79538581779213,2
0.223241054451704,0.808993082085137,2
0.145035561510841,0.67254800460517,2
0.224336181010293,0.883835824919311,2
0.449133111030722,0.838698190784733,2
0.189523369107265,0.713752813378056,2
0.0889697646231182,0.511756008898912,2
0.264303205204875,1.06263864921478,2
0.147495418592128,0.410988329567468,2
0.274786391989871,0.99614213189164,2
0.205526641933341,0.552967877740771,2
0.119485384047848,0.427231704307125,2
0.216038989239088,0.703809908472633,2
0.168484475598625,0.673147450577367,2
0.109857497885085,0.136152626087458,2
0.385057105557825,0.981780686252476,2
0.163066739993355,1.15686329503178,2
0.292422481627445,0.974508940076601,2
0.212147199566783,0.640482505291639,2
0.209019807945332,1.15486579213578,2
0.104933866866018,0.518991982764177,2
0.236169667289222,1.0578894697237,2
0.157453484717546,0.853997351159719,2
0.182260163038559,0.94546025521865,2
0.189828492792069,0.729629309459772,2
0.195621251525337,0.757515851532081,2
0.276771703647414,1.29419524889803,2
0.185507725480761,0.621815262958964,2
0.44422907236198,1.61333717928856,2
0.150593454512103,0.822836505733768,2
0.157627895134127,0.806547941732414,2
0.260494532319284,0.950202637415882,2
0.230512156711821,0.773517849518735,2
0.16582926017784,0.727395235980329,2
0.16449004513509,0.668648991023159,2
0.172475421520545,0.568399763677545,2
0.194194962118491,0.741160904526468,2
0.223541266280266,0.952293329627847,2
0.130225727781195,0.472830287806507,2
0.270778729354253,0.551763474099094,2
0.124577681730171,0.645421114385656,2
0.275191691856671,0.693080553807562,2
0.272818440237112,1.20043792602155,2
0.150386779338936,0.877478052669269,2
0.285044622259928,1.01808427863967,2
0.235201445800243,0.833931252568914,2
0.142391770413197,0.571859865015187,2
0.249540891868689,0.888532721091153,2
0.172559538238328,0.500591971322491,2
0.21849044545445,0.737681822778691,2
0.150562342454121,0.813708248922761,2
0.210758462759517,0.864153175320008,2
0.308352939115436,1.26114872805136,2
0.150306952763451,0.743640273114683,2
0.111168945461919,0.449938974560915,2
0.183351638044835,0.513476017849355,2
0.160640990739453,0.682401321904723,2
0.115955859574839,0.310881681617875,2
0.161692869860921,0.696344609958329,2
0.155138201828266,0.868047101530571,2
0.16491232149018,0.550199200712486,2
0.205440581848437,0.788722781132478,2
0.261199620636484,1.19147219355099,2
0.173364542401015,0.605785161386543,2
0.34088189554699,1.06390268363696,2
0.28510951211806,0.940361290247009,2
0.178418628162875,0.992360004810128,2
0.250814598047202,0.827413697884349,2
0.204151732735405,0.883798939287286,2
0.228079223282254,0.660705336352149,2
0.164212232842334,0.627108114559001,2
0.226564148449296,0.639178293629123,2
0.214533277436529,0.701595585654729,2
0.177240649360624,0.610104562880413,2
0.180894501063853,0.860096649871479,2
0.333605309042134,0.887146501227126,2
0.204121469614418,1.12756469094977,2
0.150298646804282,0.605306947798084,2
0.452460320458973,1.15931511182013,2
0.186262510498885,0.68552252143556,2
0.20879618478482,0.794033796875729,2
0.20130684570252,0.615741586257367,2
0.140775114231416,0.477245148021666,2
0.403518401761781,1.00434440083274,2
0.226541217204213,0.893051907830862,2
0.126268904109609,0.888156610904237,2
0.160679877849576,0.49507658866501,2
0.245041764715312,1.01989880313093,2
0.169939661720656,0.736754577066911,2
0.169463812421148,0.781652790140227,2
0.1529018126173,0.64968623969188,2
0.272316789185712,0.724801424231644,2
0.160567924268421,0.646707382019358,2
0.305403762657332,1.28958827742431,2
0.197830257367554,0.801073624846654,2
0.190463300234014,0.810992014706842,2
0.167273023890701,0.687837779668478,2
0.281819151698029,0.692305969794525,2
0.241466236973303,0.737105422896,2
0.132224440531941,0.529564732173937,2
0.216775391215457,0.886548689401756,2
0.206985581849651,0.760822499423842,2
0.267884352767141,1.00220021676457,2
0.244954086479579,0.697742314909345,2
0.168168984788489,0.611507793557604,2
0.166478500911909,0.519304198049261,2
0.189411475201711,0.970180934329086,2
0.165870117173474,0.891925267850506,2
0.202298827778976,0.759209837078197,2
0.126050528973202,0.586937762800894,2
0.171310132958715,0.410350649208212,2
0.157852804690534,0.419521000615506,2
0.164097700474298,0.622852449985783,2
0.178578564032284,0.658043316733755,2
0.19238998114937,0.460190537981814,2
0.209580531097843,0.567495442929691,2
0.214079723040922,0.693925738324121,2
0.238091834237019,0.96519551797131,2
0.324942538323498,1.26352894658238,2
0.136037449006124,0.822823895057866,2
0.262976835137195,0.778418946742251,2
0.201398059621081,0.67623672063616,2
0.173207713269953,0.521703010627409,2
0.246584135418365,0.756407049411021,2
0.378143855627806,1.19059382314966,2
0.386986043417561,1.32025978400463,2
0.176666744282608,0.439195999591723,2
0.283352131603747,0.830200845045837,2
0.239448657647865,0.707763661274523,2
0.14852130447463,0.590101295058976,2
0.215334427818548,0.611396955289756,2
0.138524693129095,0.425264832303441,2
0.208079041881969,0.65966883443796,2
0.231110425181455,0.760522828823217,2
0.153877605204378,0.948581737445485,2
0.333362908450354,0.874010888492458,2
0.294207791781649,0.594099826061079,2
0.23751134940063,0.822474010890761,2
0.230615412696369,0.949868175173146,2
0.280394197878487,1.15426977072912,2
0.322103326536855,0.83740115499745,2
0.255984826048809,0.842854639412519,2
0.237100188807929,0.707429329969753,2
0.235597242594784,0.909920630627201,2
0.185950037373452,0.782302720995959,2
0.183859161231864,0.461591457348195,2
0.189131213182177,0.887290593903627,2
0.171459891801936,0.898239036734052,2
0.179069942836388,0.962434025927823,2
0.216924107690933,0.923377769456363,2
0.178880051436263,1.12132335946319,2
0.229092809037057,0.616052420694718,2
0.149944599361215,0.445257785477131,2
0.269944173190101,0.997150280926008,2
0.164545368900607,0.538818493198572,2
0.16372313917581,0.570275751137224,2
0.251833026471799,0.77096435714635,2
0.15508174149189,0.834141833998861,2
0.178276942217544,0.634956151427819,2
0.241857812610937,1.0071254361274,2
0.257844639480292,0.791876843058197,2
0.167414248020202,0.563005988197227,2
0.419846508851241,1.43344170287284,2
0.0863054638738018,0.401237462124872,2
0.141069510446213,0.918578267350753,2
0.207709059287412,0.565824657273251,2
0.147067564596217,0.461465606811387,2
0.133061820720822,0.53439046695251,2
0.317866943282865,0.798433339548872,2
0.265940020898242,0.882808840304243,2
0.301839406423718,0.925100779679852,2
0.189650396653137,0.831981870030851,2
0.187403808891979,1.09788284480971,2
0.157635713621472,0.626969811513065,2
0.208018690327825,0.7601745379147,2
0.181733805677779,0.621562212268259,2
0.256802328412279,1.18782772746437,2
0.182141146866222,0.754187226231578,2
0.153095453432384,1.15294007626165,2
0.297862725658898,0.788555136385229,2
0.164295260088901,0.539868868741059,2
0.271830930785111,0.90621203072159,2
0.180792414314105,0.802713523137543,2
0.172408617006718,0.461057665556667,2
0.104751788269758,0.753360954436413,2
0.173659404420642,1.31222020746823,2
0.209653089743917,0.600833686355127,2
0.182321400263171,0.985110215349054,2
0.241993626711429,0.538777521235973,2
0.120706759665159,0.263306528025618,2
0.194105741974278,0.942356465508911,2
0.200987699638671,0.520685221321922,2
0.195113920873931,0.547732678749645,2
0.173206845359702,1.12600410295663,2
0.253273977395557,0.918608043384537,2
0.197838679952612,0.77463897300029,2
0.129555137706228,0.376097764763585,2
0.179942495541726,0.866724040019806,2
0.103495304138879,0.524875437997623,2
0.307099083289759,0.889664167904792,2
0.287571803438747,0.781081393091963,2
0.17249903497425,1.29544172809474,2
0.18985804175376,0.859876399558383,2
0.237253130364721,0.651575059948824,2
0.171115044884638,1.08307672148505,2
0.226129014388652,0.655471284735494,2
0.192704958509806,0.57368664665849,2
0.16100242523642,0.66163363856707,2
0.200076717292765,0.836292747601295,2
0.221005454188277,0.841250869319057,2
0.133616724583781,0.352683702496054,2
0.194365734621322,0.523339929979327,2
0.149865250804429,0.56147463441926,2
0.18988205033714,1.16468143118674,2
0.209086724333964,0.92106305581882,2
0.144088110487894,0.31816207661318,2
0.1520504996868,0.714819895534851,2
0.193252349156235,0.741062490834469,2
0.171389490082672,0.606251029674908,2
0.273269510056261,1.09494730106118,2
0.163461740561712,0.718580825847435,2
0.205814451422162,1.00943343594422,2
0.322702517157073,0.786179417653899,2
0.26530278616284,0.810677057720029,2
0.209865506068467,0.765839724272024,2
0.1082519427742,0.307392016616064,2
0.1915305766728,0.656468645554751,2
0.180969128215809,0.773758526913369,2
0.194139931207109,0.713816603039903,2
0.114687462253818,0.250113368700489,2
0.273708480128732,0.810024772353226,2
0.233899573118224,0.967765154190224,2
0.130467914118015,0.405284557562012,2
0.237183428848093,0.994159646987674,2
0.135459170309072,0.518150888511557,2
0.339076084110158,1.51093758993727,2
0.269776860375048,1.35893498025041,2
0.242052092344988,1.03185658721708,2
0.167456350204431,0.697629183575231,2
0.349449769036797,1.20816141571516,2
0.125820058828904,0.715338769091699,2
0.174949162442474,0.731747448731575,2
0.147022025300044,0.714178215974096,2
0.326165987183376,1.30183935462108,2
0.159735347634816,0.541813500176013,2
0.106632145570667,0.555825707498012,2
0.129572286401031,0.563249568280172,2
0.251067378674242,1.28481070879354,2
0.152435004973355,0.940536742398729,2
0.135475910823301,0.466758583567679,2
0.137253866279374,0.456306513311557,2
0.191369336389675,0.565306097653414,2
0.15824964317603,0.4105281556124,2
0.214727860760948,0.747094994170828,2
0.342085997542266,1.2606161538211,2
0.270989454735449,0.833516388113842,2
0.336109434027772,0.838728623116518,2
0.201529831959215,0.449164721526053,2
0.385997735957035,1.21549371164983,2
0.21091184355163,0.787047915174454,2
0.165616149355923,0.58761820147036,2
0.359267479671094,1.15186502011157,2
0.123227285308857,0.520662305341303,2
0.15470850643481,0.457412948216832,2
0.177508993492037,0.667643071470605,2
0.246307781016787,0.867576485360882,2
0.195367546230961,0.57004086082215,2
0.31785958357798,0.948574203908976,2
0.24897446724364,1.08477893335532,2
0.475183626648736,0.915654279371225,2
0.21113218821439,0.673057493414589,2
0.170449481441018,0.848487935796043,2
0.217083943610963,1.06007302941447,2
0.263324958151899,0.915002165376688,2
0.181945811891784,0.758462714907012,2
0.158143957549078,0.65407185800767,2
0.239072516848721,0.794725566193821,2
0.126409294205323,0.462345016455071,2
0.238838228511588,0.943610540186444,2
0.221713435051389,0.715395489208419,2
0.140774320019814,0.433556674902066,2
0.144798749402145,0.799043918756355,2
0.176539369023908,0.749116781187736,2
0.193932069599535,0.575333596474022,2
0.239841163190052,1.1435685062182,2
0.177234992820492,0.593324577386302,2
0.161177912053579,0.823257870510657,2
0.152777513226233,0.69157871480999,2
0.254559806944271,0.679589867006342,2
0.184162310489416,0.843949859673509,2
0.160691153982735,0.848211590512236,2
0.237167019801579,0.700568516913092,2
0.485493836041269,1.30300511506972,2
0.293003959473132,1.20374878400243,2
0.18327723088189,1.34986557223477,2
0.145722490751341,0.7415344282046,2
0.124081012262693,0.737210528135057,2
0.316556513168501,1.45870667015644,2
0.249873618094216,0.603064235637489,2
0.321310328381507,0.811240542936369,2
0.249195702026321,0.610289326200114,2
0.251037296643312,0.704762881293435,2
0.274195852852561,0.99420421664569,2
0.159630096710403,0.774609249860989,2
0.199842258620516,0.69157213409005,2
0.127413353375764,1.15492876113523,2
0.199174989457186,0.656256623275801,2
0.143682536651548,0.669686893505643,2
0.248445923824158,1.01530260084486,2
0.106169732405316,0.22030017062301,2
0.270648969650215,1.07035606089923,2
0.251805261263702,0.566761691429158,2
0.198150071918676,0.587758662741202,2
0.122823929152958,0.946361315722969,2
0.231055222574725,0.715993847312174,2
0.217549779586811,0.708155162256218,2
0.169268853839201,0.617534794487092,2
0.145982020854403,0.580772935131211,2
0.165528958835875,0.888825554484692,2
0.220883372285647,0.778861557284565,2
0.174201759830667,0.738570601514754,2
0.158300588692271,0.980511378657623,2
0.181526383882591,0.505052460165503,2
0.237090600243143,0.77996122786804,2
0.363573359151219,1.43983590040163,2
0.222613715973506,0.727879907441151,2
0.157818627994926,0.644512884030201,2
0.150863148695748,0.612045751310238,2
0.177800620338705,0.690874740981888,2
0.154301011486849,0.792829810615778,2
0.227628918631374,0.770094128962209,2
0.364189164502394,0.954497541860782,2
0.179446698860213,0.621022783722992,2
0.270318151456285,0.919866380370848,2
0.356493177941545,1.24913485180999,2
0.302798174780555,1.11355200575548,2
0.286942356789988,0.806065029076459,2
0.168030279731325,0.603379094364376,2
0.153639142543879,0.728388372644375,2
0.341233879766379,0.916148744530233,2
0.171077160973697,0.607236067499669,2
0.139785849519893,0.52567649004009,2
0.273851714210908,1.00705771500548,2
0.269682151106074,0.888752067057955,2
0.255557937949135,0.952246588194408,2
0.37376094773072,1.14003324262809,2
0.18328410409575,0.717607466087436,2
0.255316583525391,0.940759723691375,2
0.148523423514653,0.695331991865298,2
0.148864019953529,0.764018554957058,2
0.233483013525121,0.688308133644128,2
0.287150697476864,1.52496557555635,2
0.140174829721816,0.711469995557387,2
0.193257065070075,0.820673540379319,2
0.168522898347801,0.540494798480675,2
0.193892180234888,0.74304940290637,2
0.163901140651831,0.709193239011163,2
0.222226977071087,0.87957731870265,2
0.245898514637054,1.26558765127283,2
0.198761233770719,0.937924618108554,2
0.206112076340446,0.702766374439775,2
0.227161499674128,0.781059594715414,2
0.109567481447284,0.562263030671821,2
0.218248413949859,0.704648716870602,2
0.12959477848193,0.314201046100706,2
0.268633334676295,0.679775974248271,2
0.269092951094433,0.671451649980261,2
0.302927217881542,1.11053617852518,2
0.163350946737385,0.698907567709349,2
0.148697670511529,0.894544222738998,2
0.372066408404161,1.0462192599138,2
0.131880299707433,0.471073375999249,2
0.0733765436928798,0.613416247996404,2
0.258712439880829,0.912089875787158,2
0.230871489763398,0.916629691945082,2
0.14853413537515,0.560724057222756,2
0.167807535900763,0.682427405450733,2
0.161118621071013,0.696271932418283,2
0.159653193392364,0.401950461988636,2
0.194284041009824,0.684515515856254,2
0.24376702942665,0.676298256966322,2
0.174191893652295,0.403434417682347,2
0.141387421759475,0.750051620020549,2
0.125039687715607,0.623497576358304,2
0.356524937629584,0.820668738287987,2
0.17864038870143,0.618044249650659,2
0.204456584788761,0.75600097050956,2
0.199728420845237,0.673332486054299,2
0.114566799692357,0.379403250405643,2
0.161873619152665,0.424534160077493,2
0.249240052748948,0.644043863418745,2
0.226687174735492,0.497572085715784,2
0.193226595501063,0.495786105992743,2
0.177170018058897,0.572601947681088,2
0.1837840505845,1.05492669315242,2
0.16135265901766,0.996759083281456,2
0.200545231038513,0.721686257678758,2
0.161003923996604,0.836635482428472,2
0.192203837225686,0.716426005051376,2
0.195763086312684,0.550423650741993,2
0.417256776447454,0.934170972438302,2
0.14065668085244,0.683054139165921,2
0.172565137069163,0.825287953188527,2
0.201551559133458,0.898423060701128,2
0.207575208739018,0.790328407975177,2
0.308240194393339,1.09952909405867,2
0.190575064187824,0.776067137407297,2
0.263461014590111,0.969697271220321,2
0.242301292358257,0.535808080196391,2
0.144364798586565,1.04416237018253,2
0.1532890213511,1.0838898504608,2
0.299588419012379,0.64609102140679,2
0.158821166779164,0.702008295666018,2
0.229362781105431,0.786669894250028,2
0.191155242963373,0.733899838351803,2
0.126552650952921,0.916087361202467,2
0.200365975943048,0.765455778215463,2
0.165077013388883,0.71466313257229,2
0.157568529721429,0.608488486245545,2
0.225019059442341,0.804872662406112,2
0.214342432466927,0.724713972599312,2
0.138601481814735,0.702107736059466,2
0.233004597867558,1.08708958197379,2
0.186842549146817,0.70499601919758,2
0.228455332380014,0.579103288904338,2
0.299333962074451,0.828581196619371,2
0.236247244062405,0.772015151750039,2
0.288237453541653,0.672166681185458,2
0.105085573144942,0.628197536431433,2
0.243049029052547,0.680281066462642,2
0.302686264645895,1.0392341679221,2
0.270408882774821,1.54149754960382,2
0.340718298222232,0.898906847897994,2
0.14144320982863,0.565035030617616,2
0.244162605562338,0.861353373372486,2
0.201031195769626,0.99017501229649,2
0.218132661394637,0.831532045686326,2
0.118654781115975,0.597573103373068,2
0.218715134351407,0.909707336583801,2
0.202102025386817,0.568233403541687,2
0.213272842674869,0.890642454145412,2
0.219911142757519,1.04062974111568,2
0.225448760248339,0.833046016273827,2
0.207696528920307,0.801942919941768,2
0.279642019299996,1.00675375096648,2
0.266578008404077,0.971040026877384,2
0.187400962216715,0.695370299192934,2
0.202851774277165,0.689377945352877,2
0.14683425328504,0.431742415883166,2
0.144224780028893,0.802274895328887,2
0.175003516652408,0.815958893995374,2
0.169668519700718,0.809404070012435,2
0.162901589017134,0.773048894232169,2
0.165379723937368,0.821117906994182,2
0.100267622735008,0.463361877568616,2
0.274032502048646,0.846618800791881,2
0.202495196040455,0.688504149946096,2
0.185701072979342,0.591349843225939,2
0.300755024206556,1.08301001233154,2
0.176726578202562,1.07682683161616,2
0.300458638164234,0.933071750355788,2
0.142889619333113,0.335187329818324,2
0.337458923954511,0.739068173378891,2
0.141121007842651,0.643900543856976,2
0.240809265452587,0.544490264676733,2
0.245432200022807,0.563224570333014,2
0.251582360282951,0.882513306439773,2
0.241521172379578,0.899310583016784,2
0.160655216893381,0.430873724270793,2
0.176199287347724,0.82603435715933,2
0.174762882354065,0.698987721507955,2
0.201511078597007,0.809453891497946,2
0.166837162492839,0.643229410758799,2
0.152077869825874,0.670935627587663,2
0.20241808390189,0.655354415991086,2
0.146964899751979,0.754213818695432,2
0.184281007002903,0.880846137332334,2
0.195411923267935,0.73601573964519,2
0.206053938108221,0.985535683654974,2
0.202124218402585,0.570193529710882,2
0.191103146445518,0.777723544824152,2
0.153102576675688,0.567678404417723,2
0.188575309050379,0.718506568394325,2
0.187303323288441,0.700924718096056,2
0.162312154238452,0.642159924541623,2
0.268918657336615,0.899494407077911,2
0.133276556411672,0.771143590456326,2
0.131213970399635,0.586949088154066,2
0.534022477155026,1.08599127502405,2
0.257461782536336,0.978199522240915,2
0.347771351945028,0.769291357172908,2
0.272781597303725,1.01630238740071,2
0.167280588644509,0.437886766393139,2
0.179174416118611,0.553238101114061,2
0.208574428346535,0.672051676178812,2
0.225650625725013,0.917045237356907,2
0.228484674928104,0.838388702914406,2
0.214405212185825,0.583657538361576,2
0.209981313477041,0.954331605209338,2
0.386208624131173,0.733797369021153,2
0.290061044130078,1.08635555121721,2
0.282702686991642,1.04893408217433,2
0.198207222437159,0.537353898990491,2
0.306338753273708,1.28199824416831,2
0.154460098259062,0.572156898551288,2
0.315303702615429,1.01048510590737,2
0.14425843609494,0.769507573649331,2
0.22828983943261,0.775234382901791,2
0.160845822719538,0.502729970675834,2
0.180860841084174,0.729659259745974,2
0.266319967110189,0.926849425950513,2
0.313370232572884,0.829408532188237,2
0.183158782897606,0.663371177751603,2
0.233071648130188,0.812443071085733,2
0.168565931300871,0.794679186640857,2
0.215466733641935,1.15063347192788,2
0.156084329505185,0.996392584787583,2
0.205113804647489,0.656359502755224,2
0.141507220752918,0.391723181197099,2
0.209199959316792,0.61513057188937,2
0.16809190905811,0.576042864730905,2
0.258139121283796,0.716038467684104,2
0.237551413825031,0.924911812928298,2
0.274732865037088,0.754405893402677,2
0.189847764698129,0.628153167307949,2
0.129232813523553,0.722207724282826,2
0.205229483510408,0.916359368708171,2
0.156910798877024,0.421378424348613,2
0.0851486180055428,0.529088066914214,2
0.205980462509127,0.941090801269275,2
0.162381934233236,0.460176734908727,2
0.215685848389748,0.781961279712844,2
0.168385789411695,0.84246545317516,2
0.13787820789993,0.383708641793148,2
0.284207494081494,1.10082729157253,2
0.191985580050308,0.764384768347042,2
0.265002956129434,0.775742087882167,2
0.153154617615302,0.544450169023525,2
0.15726190079055,0.743671193912192,2
0.149315852214015,0.659252761958569,2
0.221004394867127,0.694507667030021,2
0.174850400989144,0.579936438069541,2
0.15604971038782,0.655834772483114,2
0.272256139108186,1.30073662666244,2
0.322538445469456,0.895999617366361,2
0.231608371995397,1.34651055852633,2
0.197861992033575,0.603611333967674,2
0.237414805230139,0.797152302035259,2
0.262297193568561,0.522970976366252,2
0.255494383280315,0.75185067687685,2
0.180309077595561,0.778906183175028,2
0.157104698190667,0.578797170991218,2
0.257062901187594,0.927240901162169,2
0.172344865462291,0.594676567165853,2
0.205062871241909,0.610287362970526,2
0.205298447421742,0.736845009866106,2
0.207373311325453,0.874049758657075,2
0.26138554506624,0.558265179396118,2
0.231656945098277,0.646453768735736,2
0.240250744888516,1.03056614818349,2
0.283930160182737,0.903269354739703,2
0.215217237371238,0.75402985146934,2
0.183607243536911,0.610758401331737,2
0.222498631624243,0.683415056187883,2
0.285287029080923,0.878020862495699,2
0.198775760898427,0.667851229482194,2
0.101074652008826,0.389835887996015,2
0.166821140624207,0.560892136546637,2
0.206922641214597,0.845440715885793,2
0.182310632964594,0.711738688777489,2
0.229557537841117,0.793182562687792,2
0.195635760175728,1.34328125849356,2
0.146548725384792,0.600560634668915,2
0.202111079269379,0.910549430894916,2
0.177508955901344,0.627077675261418,2
0.0993522908369361,0.174178979950923,2
0.20050280579661,0.620011042729594,2
0.311756983063445,0.727233683059393,2
0.207395675371543,1.03415350327034,2
0.247904828336102,0.941347813716815,2
0.379196427026564,1.20963401509403,2
0.15406256755511,0.479146128400405,2
0.176880085559918,0.557772106549298,2
0.23007592022134,0.733725144474497,2
0.208385578084658,0.870578317621477,2
0.209546731972955,0.742862535945723,2
0.176640181439774,0.601471148998249,2
0.223737824072086,0.797758650330868,2
0.373240341284012,1.45460520899023,2
0.196858877423999,0.811763172079705,2
0.132944998530482,0.514317747058959,2
0.284726629094725,0.967067043446467,2
0.181328784791567,0.513656001159635,2
0.130784163914419,0.677994036708822,2
0.133860821480942,0.583296435276815,2
0.202098490565078,0.674033615286691,2
0.194492508484989,0.75586331364729,2
0.230814218146671,0.649523321837334,2
0.222253931470925,0.703215671227665,2
0.213433740552443,0.827581789124005,2
0.178341709462125,0.69628255003205,2
0.268699058761151,0.913967648954301,2
0.141276117974911,0.674987327428425,2
0.174346156133611,0.851794699479984,2
0.272755680503764,1.34767823349521,2
0.17455253135142,0.650090034008924,2
0.14605053452021,0.626514041991036,2
0.339072047332603,1.13883823097946,2
0.325384897577891,0.884007789308593,2
0.133541561858701,0.934029984343958,2
0.210855949313235,0.573002402935394,2
0.153467078883249,0.422102257208659,2
0.364876478193845,1.25543568381132,2
0.208646323476805,1.00391375173373,2
0.206663766039703,0.695085631760557,2
0.297829417600562,0.945945922232467,2
0.16114653083133,0.358649675892306,2
0.180451656613357,0.721791432739515,2
0.20657778870224,1.10006184044438,2
0.19024620365025,0.738238634526152,2
0.215114904348346,0.998870103966755,2
0.195024666057274,0.741729539514634,2
0.219094428714974,0.62474302603288,2
0.177021697553956,0.76337935249317,2
0.11105804878457,0.433595182946708,2
0.195607871868717,0.850496113731957,2
0.17368907199414,0.618233034733942,2
0.278224465615057,0.782330059099806,2
0.222315950034617,0.832634589683541,2
0.207306737227246,0.622296393908543,2
0.180646645258912,0.818697102354187,2
0.164469145635444,0.631829328977375,2
0.281673539824012,0.597832783548289,2
0.213208459161242,0.788393966844951,2
0.19630766182652,0.873250132674186,2
0.19484688716499,0.654993580551523,2
0.167819953915339,0.965821128249322,2
0.2788453329655,0.646894785919829,2
0.142115047287189,0.542022934427009,2
0.201600066066085,0.644156391215083,2
0.140585713405972,0.727206218598393,2
0.130170194555346,0.408676067487358,2
0.144604504814836,0.915395842178934,2
0.149970192890411,0.701129567934846,2
0.134782201045243,0.77628136429738,2
0.238998586394272,0.690125541354763,2
0.19829209596084,0.739447567874725,2
0.122052704925416,0.713020864877299,2
0.195364674451762,0.56603733326376,2
0.138166602472362,0.447660529834649,2
0.170134897675157,0.666365061469291,2
0.16282105226254,0.769488236260275,2
0.146573436810261,0.348319190546015,2
0.155741454722177,0.460024876991082,2
0.228091059271631,0.719840632022623,2
0.212530539118279,0.724665637906745,2
0.163137664322194,0.561392359110394,2
0.315653307163494,0.905835754945483,2
0.191439363842483,0.732383233346138,2
0.210120790207499,0.687888116394973,2
0.197786216182874,0.766248415381708,2
0.27544214315903,0.983878602762104,2
0.0941834275626649,0.515999325388961,2
0.210382769005712,0.659044391770178,2
0.136852590914635,0.819813205294587,2
0.197118529180933,0.768046087116485,2
0.214382053305312,0.677877782410504,2
0.150531239934941,0.738734583523478,2
0.122882156969972,0.60454874251398,2
0.128947845684616,0.603305401911742,2
0.234633437863977,0.804528664304889,2
0.341404058140424,0.867605309087015,2
0.18984725695432,0.918242198731698,2
0.18012985732775,0.520676505242542,2
0.241248457039984,1.18641483537813,2
0.191727759428746,0.644338646637606,2
0.256630201964467,0.796269528368138,2
0.592703484320009,1.00828556940215,2
0.173859629434255,0.593817950037261,2
0.140554190206459,0.621883091594461,2
0.194354620181255,0.905758436542133,2
0.216821539460088,0.659015091194935,2
0.338132293510273,0.774254573433516,2
0.177117527430151,0.754626660871268,2
0.379419505497661,1.05241156591187,2
0.214803915194615,0.888762848729222,2
0.129329408988778,0.706639424777634,2
0.316921685869927,0.646837394036207,2
0.200454464579886,0.860866643553942,2
0.162829983926107,0.558989400807398,2
0.215686677254899,1.32548345180987,2
0.139823003544258,0.783034825726431,2
0.219741778901113,0.848934836480155,2
0.243564644668985,0.657207978327834,2
0.219111477345414,0.689478211124803,2
0.236085589908729,0.703947514715973,2
0.275408452821021,1.07345529982674,2
0.140734621473154,0.469855344107143,2
0.19342676189656,0.441345493105463,2
0.11950943028174,0.489955346304612,2
0.322101647574484,1.23737092082692,2
0.237934652647137,0.842717758618272,2
0.165695970079284,0.73952227799437,2
0.145515191777541,0.426780990545851,2
0.16716974438179,0.769284273810163,2
0.153377924485521,0.587023396101885,2
0.255308320203893,0.919148621398057,2
0.160484702400613,0.579125117008748,2
0.193467253541693,1.1473912184661,2
0.291563283800203,0.818143451664283,2
0.157548942674279,0.719187367273364,2
0.122806333178387,0.559047108548401,2
0.170833945364447,0.820929951599969,2
0.180522280435643,0.476614527126731,2
0.161846490137699,0.910067235715339,2
0.175602772943703,0.737892203321114,2
0.173891853823165,0.722850006046993,2
0.194660905336027,0.803020969724727,2
0.138732059697181,0.403255101078399,2
0.158978422929528,0.525512052210096,2
0.187287342225694,0.651244991663126,2
0.163521037978434,0.931352788307994,2
0.122763826128324,0.572605079969021,2
0.126021886900409,0.629025873458178,2
0.181640657901398,0.66506158148876,2
0.117550554320361,0.280942426438587,2
0.186423479897195,0.417857901704421,2
0.122780231893565,0.464343041792658,2
0.2802184848155,1.42672836208888,2
0.238160219682763,1.22418530260385,2
0.173212915596911,0.973072392997971,2
0.198002514082721,0.647075474558674,2
0.124237080052477,0.641149426310451,2
0.161754140874421,0.658550963856976,2
0.159404837354531,0.840359953854564,2
0.180258914133478,0.643986353444519,2
0.244834186004415,1.03447842679562,2
0.177585663152032,0.403358872044762,2
0.244912570601323,0.942050795087339,2
0.19886241936309,0.462752465990952,2
0.275416193737885,0.75589305617421,2
0.254272703677644,0.85053122931517,2
0.191309002399043,0.83062511907877,2
0.191529968510284,0.630728345237243,2
0.294686944493683,0.869113697254041,2
0.173611352015033,0.707201122337796,2
0.271564255587389,0.544313247205343,2
0.191244615341483,0.684671280435684,2
0.233241366291483,0.679828334112231,2
0.210524406615725,0.720446764315103,2
0.25934346339343,0.819086618354807,2
0.181909054739109,0.729225716316688,2
0.181688469875208,0.685056848089631,2
0.174020589711068,0.539039048261849,2
0.143707093272648,0.720172029934099,2
0.17565997965701,1.51261653150542,2
0.249085040744322,0.690189940234054,2
0.184995293636515,0.676469263449145,2
0.145084957626882,0.579931802527687,2
0.207158785838072,0.973614990442429,2
0.156412342905468,0.41942423262629,2
0.252223442550926,0.970370538886132,2
0.259906859540184,0.910955253826998,2
0.197178186511075,0.510062692358832,2
0.19264958813106,0.713537246982627,2
0.213242870937526,0.793436522289519,2
0.200360899796209,0.659329590723749,2
0.169215165342691,0.88429178949055,2
0.166709025623814,0.692346803480825,2
0.118292822020451,0.73872414655123,2
0.199417567301363,0.511938610930911,2
0.213376924186099,1.0750775249477,2
0.23536324569923,0.96690408899715,2
0.131678363614394,0.911861217189764,2
0.271564226854668,0.76174098408591,2
0.192276722328849,0.963649536398821,2
0.525819832969037,2.18140521282902,2
0.164047746284244,0.75919721440474,2
0.17846565074596,0.589082218229962,2
0.161165454742092,0.455396750865072,2
0.163190437799959,0.733287282043211,2
0.164522867011331,0.590000511214853,2
0.141510893197377,0.492073512243011,2
0.184129147104116,0.533153839720871,2
0.124362939497476,0.257543785545795,2
0.218469471637221,0.632579083669618,2
0.155889468934858,0.82983113433858,2
0.306778685749716,0.976508527474365,2
0.187024236729572,0.823273860786767,2
0.215642319692983,0.621623230871606,2
0.248689202267076,0.714547239435412,2
0.27322634967251,0.929310097776946,2
0.187146489900727,0.923608641362607,2
0.216207770010847,0.673668184646677,2
0.13208083923952,0.670866939131304,2
0.263201480534749,0.745627758432789,2
0.166096082506639,0.485451824309057,2
0.198606349356294,0.799667518046036,2
0.143829104897415,0.657016354526189,2
0.131428295703471,0.677325287957745,2
0.183270067196977,0.924842040064157,2
0.209613741338084,0.869091012717548,2
0.142924655574105,0.605033578105887,2
0.135083683889208,0.711752356133165,2
0.122553110676306,0.454750404698153,2
0.273284384769612,0.656479136852324,2
